CustomerName,CustomerNumber,CustomerType,,,
4M Technologies,300000075435673,ORGANIZATION,,,
ABC Corporation Americas,300000047368527,ORGANIZATION,,,
ABC Corporation Asia,300000047448124,ORGANIZATION,,,
ABC Corporation EMEA,300000107420109,ORGANIZATION,,,
ABC Corporation Limited,300000130804132,ORGANIZATION,,,
Alexza Hotels,300000180537878,ORGANIZATION,,,
Altamonte Corporation,300000158252244,ORGANIZATION,,,
Apex Solutions,300000047448186,ORGANIZATION,,,
Bombay Burma Industries Ltd,300000184962618,ORGANIZATION,,,
Bradshaw Hotels,300000180431461,ORGANIZATION,,,
CDS Inc,300000047368631,ORGANIZATION,,,
California Fitness Club,300000180538412,ORGANIZATION,,,
Calvin Bakerman,300000094333359,PERSON,,,
Cantor Technical Institute,300000180483227,ORGANIZATION,,,
Center for Disease Control,300000079084540,ORGANIZATION,,,
Champions R Us Fitness Store,300000180483334,ORGANIZATION,,,
Champions la Forme,300000187684203,ORGANIZATION,,,
Charles Harrod,300000047394911,PERSON,,,
Department of Education,300000079084562,ORGANIZATION,,,
Department of Health and Human Services,300000079084591,ORGANIZATION,,,
Department of Homeland Security,300000079084613,ORGANIZATION,,,
Department of Public Safety,300000076330547,ORGANIZATION,,,
Department of Transportation,300000079084635,ORGANIZATION,,,
Emerald Hotels,300000180547912,ORGANIZATION,,,
Ente Statale Trasmissioni,300000115403171,ORGANIZATION,,,
Environmental Protection Agency,300000076330599,ORGANIZATION,,,
Fitnesta Associates,300000180538610,ORGANIZATION,,,
Fox Stores,300000047368760,ORGANIZATION,,,
French Motor Assistance,300000115415182,ORGANIZATION,,,
Gansu Tianshui Petro Group,300000048196111,ORGANIZATION,,,
Gestore Strade,300000115415106,ORGANIZATION,,,
GoalUp Fitness Center,300000180483196,ORGANIZATION,,,
Grawitacja SA,300000175182953,ORGANIZATION,,,
Hilman and Associates,300000047394466,ORGANIZATION,,,
"Huangshi Electric Power Co, Ltd",300000047886154,ORGANIZATION,,,
Hyatt Corporation,300000108102188,ORGANIZATION,,,
Hyderabad Industries Ltd,300000184947119,ORGANIZATION,,,
IIE Bequest Society,300000180547980,ORGANIZATION,,,
Ingles Fitness Center,300000180538040,ORGANIZATION,,,
InnerWorkings Gym,300000180538291,ORGANIZATION,,,
Johnson Hotels,300000180537825,ORGANIZATION,,,
Juno Institute of Technology,300000180483307,ORGANIZATION,,,
Mayhew University School of Law,300000180483282,ORGANIZATION,,,
McNally Products,300000047394527,ORGANIZATION,,,
National Cancer Institute,300000094333191,ORGANIZATION,,,
National Institute of Health,300000079084664,ORGANIZATION,,,
